test_session_id,avg_response_time,min_response_time,max_response_time,avg_error_rate
3,2782.259999999404,0.0,6091.80000000447,0.0
4,2804.619999998808,0.0,6292.69999999553,0.0
